Workbook

Sheet Worker Summary
A1: Tasteful Event Rentals — 2026 YTD Worker Payments (paid without withholding)
A2: All wages below were paid in 2026 with NO tax withholding or deposits. Provided for the CPA to prepare/correct the 2026 payroll filings (late Q1 & Q2 941 and DE 9) before moving to Patriot payroll going forward. Amounts are gross; taxes withheld = $0.
A3: Worker | B3: Email / Phone | C3: 2026 YTD Paid ($) | D3: # Payments | E3: First Payment | F3: Last Payment | G3: Work Performed | H3: Directed by me? | I3: Classification | J3: Treatment
A4: Jeremiah Thomas | B4: jltthegamer90@gmail.com / 619-994-4408 | C4: =SUMIF('Payment Detail'!$B:$B,$A4,'Payment Detail'!$C:$C) | D4: =COUNTIF('Payment Detail'!$B:$B,$A4) | E4: 46035 | F4: 46227 | G4: Delivery, setup/teardown at events I booked and directed; plus equipment maintenance. | H4: Yes | I4: Employee | J4: W-2
A5: Tiffany Acevedo | B5: tiffacevedo44@gmail.com / 619-606-6421 | C5: =SUMIF('Payment Detail'!$B:$B,$A5,'Payment Detail'!$C:$C) | D5: =COUNTIF('Payment Detail'!$B:$B,$A5) | E5: 46024 | F5: 46207 | G5: Delivery, setup/teardown at events I booked and directed. | H5: Yes | I5: Employee | J5: W-2
A6: Isaiah Melody Ansley | B6: imelodyansley@gmail.com / 619-857-5650 | C6: =SUMIF('Payment Detail'!$B:$B,$A6,'Payment Detail'!$C:$C) | D6: =COUNTIF('Payment Detail'!$B:$B,$A6) | E6: 46035 | F6: 46227 | G6: Delivery, setup/teardown at events I booked and directed; plus equipment maintenance. | H6: Yes | I6: Employee | J6: W-2
A7: Travis Yeager | B7: (need to collect) | C7: =SUMIF('Payment Detail'!$B:$B,$A7,'Payment Detail'!$C:$C) | D7: =COUNTIF('Payment Detail'!$B:$B,$A7) | E7: 46192 | F7: 46192 | G7: Setup/teardown — single one-time job. See note below. | H7: One-time* | I7: One-time — CPA to confirm | J7: TBD (W-2 vs 1099)
A8: TOTAL | C8: =SUM(C4:C7) | D8: =SUM(D4:D7)
A10: * Travis Yeager: one payment of $35 for a single setup/teardown job, no ongoing relationship. Under $600. Note for CPA: this is core event work (same as the employees), so a contractor position is weaker than a maintenance-only one-off — please confirm W-2 vs 1099 treatment.

Sheet Quarterly Breakdown
A1: 2026 Wages by Quarter (for late 941 / DE 9 filings)
A2: Worker | B2: Q1 (Jan–Mar) | C2: Q2 (Apr–Jun) | D2: Q3 to date (Jul 1–24) | E2: 2026 YTD Total
A3: Jeremiah Thomas | B3: =SUMIFS('Payment Detail'!$C:$C,'Payment Detail'!$B:$B,$A3,'Payment Detail'!$A:$A,">="&DATE(2026,1,1),'Payment Detail'!$A:$A,"<="&DATE(2026,3,31)) | C3: =SUMIFS('Payment Detail'!$C:$C,'Payment Detail'!$B:$B,$A3,'Payment Detail'!$A:$A,">="&DATE(2026,4,1),'Payment Detail'!$A:$A,"<="&DATE(2026,6,30)) | D3: =SUMIFS('Payment Detail'!$C:$C,'Payment Detail'!$B:$B,$A3,'Payment Detail'!$A:$A,">="&DATE(2026,7,1),'Payment Detail'!$A:$A,"<="&DATE(2026,7,24)) | E3: =SUM(B3:D3)
A4: Tiffany Acevedo | B4: =SUMIFS('Payment Detail'!$C:$C,'Payment Detail'!$B:$B,$A4,'Payment Detail'!$A:$A,">="&DATE(2026,1,1),'Payment Detail'!$A:$A,"<="&DATE(2026,3,31)) | C4: =SUMIFS('Payment Detail'!$C:$C,'Payment Detail'!$B:$B,$A4,'Payment Detail'!$A:$A,">="&DATE(2026,4,1),'Payment Detail'!$A:$A,"<="&DATE(2026,6,30)) | D4: =SUMIFS('Payment Detail'!$C:$C,'Payment Detail'!$B:$B,$A4,'Payment Detail'!$A:$A,">="&DATE(2026,7,1),'Payment Detail'!$A:$A,"<="&DATE(2026,7,24)) | E4: =SUM(B4:D4)
A5: Isaiah Melody Ansley | B5: =SUMIFS('Payment Detail'!$C:$C,'Payment Detail'!$B:$B,$A5,'Payment Detail'!$A:$A,">="&DATE(2026,1,1),'Payment Detail'!$A:$A,"<="&DATE(2026,3,31)) | C5: =SUMIFS('Payment Detail'!$C:$C,'Payment Detail'!$B:$B,$A5,'Payment Detail'!$A:$A,">="&DATE(2026,4,1),'Payment Detail'!$A:$A,"<="&DATE(2026,6,30)) | D5: =SUMIFS('Payment Detail'!$C:$C,'Payment Detail'!$B:$B,$A5,'Payment Detail'!$A:$A,">="&DATE(2026,7,1),'Payment Detail'!$A:$A,"<="&DATE(2026,7,24)) | E5: =SUM(B5:D5)
A6: Travis Yeager | B6: =SUMIFS('Payment Detail'!$C:$C,'Payment Detail'!$B:$B,$A6,'Payment Detail'!$A:$A,">="&DATE(2026,1,1),'Payment Detail'!$A:$A,"<="&DATE(2026,3,31)) | C6: =SUMIFS('Payment Detail'!$C:$C,'Payment Detail'!$B:$B,$A6,'Payment Detail'!$A:$A,">="&DATE(2026,4,1),'Payment Detail'!$A:$A,"<="&DATE(2026,6,30)) | D6: =SUMIFS('Payment Detail'!$C:$C,'Payment Detail'!$B:$B,$A6,'Payment Detail'!$A:$A,">="&DATE(2026,7,1),'Payment Detail'!$A:$A,"<="&DATE(2026,7,24)) | E6: =SUM(B6:D6)
A7: TOTAL | B7: =SUM(B3:B6) | C7: =SUM(C3:C6) | D7: =SUM(D3:D6) | E7: =SUM(E3:E6)

Sheet Payment Detail
A1: Payment Detail — all 2026 payments YTD (24 total)
A2: Date | B2: Worker | C2: Amount ($) | D2: Payment Method | E2: What it was for
A3: 46024 | B3: Tiffany Acevedo | C3: 495 | D3: Check #128 | E3: Setup + breakdown
A4: 46035 | B4: Isaiah Melody Ansley | C4: 82 | D4: Check #130 | E4: Equipment maintenance
A5: 46035 | B5: Jeremiah Thomas | C5: 100 | D5: Check #129 | E5: Equipment maintenance
A6: 46043 | B6: Isaiah Melody Ansley | C6: 52.5 | D6: Check #132 | E6: Equipment maintenance
A7: 46043 | B7: Jeremiah Thomas | C7: 144.5 | D7: Check #131 | E7: Setup + breakdown
A8: 46061 | B8: Jeremiah Thomas | C8: 87.5 | D8: Check #133 | E8: Equipment maintenance
A9: 46091 | B9: Tiffany Acevedo | C9: 140 | D9: Check #134 | E9: Setup + breakdown
A10: 46093 | B10: Jeremiah Thomas | C10: 187.5 | D10: Check #135 | E10: Equipment maintenance
A11: 46105 | B11: Isaiah Melody Ansley | C11: 210 | D11: Check #137 | E11: Setup + breakdown
A12: 46107 | B12: Isaiah Melody Ansley | C12: 105 | D12: Check #140 | E12: Equipment maintenance
A13: 46107 | B13: Jeremiah Thomas | C13: 437.5 | D13: Check #139 | E13: Equipment maintenance
A14: 46112 | B14: Tiffany Acevedo | C14: 350 | D14: Check #161 | E14: Setup + breakdown
... A26: 46227 | B26: Jeremiah Thomas | C26: 717.5 | D26: Check #173 | E26: Setup + breakdown
B27: TOTAL | C27: =SUM(C3:C26)
